Workbook

Sheet Raw Data
A1: Date | B1: SHY_proxy | C1: IEF_proxy | D1: TLT_proxy
A2: 1999-12-31
A3: 2000-01-03 | B3: -0.00323 | C3: -0.01125 | D3: -0.02448
A4: 2000-01-04 | B4: 0.001615 | C4: 0.007125 | D4: 0.01445
A5: 2000-01-05 | B5: -0.001121 | C5: -0.007275 | D5: -0.01428
A6: 2000-01-06 | B6: 0.001121 | C6: 0.00525 | D6: 0.01156
A7: 2000-01-07 | B7: -0.000171 | C7: 0.000675 | D7: 0.00119
A8: 2000-01-10 | B8: -0.000969 | C8: -0.002775 | D8: -0.00646
A9: 2000-01-11 | B9: -0.001311 | C9: -0.007875 | D9: -0.01479
A10: 2000-01-12 | B10: -0.000836 | C10: -0.00345 | D10: -0.00816
A11: 2000-01-13 | B11: 0.001482 | C11: 0.005475 | D11: 0.01122
A12: 2000-01-14 | B12: -0.000684 | C12: -0.003675 | D12: -0.00748
A13: 2000-01-17 | B13: 0 | C13: -0.00015 | D13: 0.00136
A14: 2000-01-18 | B14: -0.000665 | C14: -0.005025 | D14: -0.00986
... A271: 2001-01-12 | B271: -0.003002 | C271: -0.0105 | D271: -0.01326
A272: 2001-01-15 | C272: 0.0006 | D272: 0
A273: 2001-01-16 | C273: 0.0009 | D273: 0.00374
A274: 2001-01-17 | B274: 0.001121 | C274: 0.004125 | D274: 0.01224
A275: 2001-01-18 | B275: 0.001938 | C275: 0.004575 | D275: 0.00833
A276: 2001-01-19 | B276: -0.000285 | C276: -0.00405 | D276: -0.01326
A277: 2001-01-22 | B277: -0.000152 | C277: -0.004275 | D277: -0.0085
A278: 2001-01-23 | B278: -0.001615 | C278: -0.0042 | D278: -0.00833
A279: 2001-01-24 | B279: -0.000304 | C279: -0.0018 | D279: -0.00119
A280: 2001-01-25 | B280: 0.001558 | C280: 0.0045 | D280: 0.01139
A281: 2001-01-26 | B281: -0.000171 | C281: -0.001725 | D281: -0.00816
A282: 2001-01-29 | B282: 0.000171 | C282: -0.002625 | D282: -0.00799
A283: 2001-01-30 | B283: 0.001254 | C283: 0.00555 | D283: 0.01598
A284: 2001-01-31 | B284: 0.002356 | C284: 0.008625 | D284: 0.01564
A285: 2001-02-01 | B285: 0.000323 | C285: 0.0021 | D285: 0.00697
... A6832: 2026-03-13 | B6832: 0.000304 | C6832: -0.001425 | D6832: -0.00408

Sheet Bond Features
A1: Bond Market Behavior Features
B2: log(1 + TLT simple return): risk-off regime signal | C2: Rolling 20-day std of Bond_return: instability signal
A3: Date | B3: Bond_return | C3: Bond_volatility
A4: ='Raw Data'!A2 -> 1999-12-31 | B4: =IF('Raw Data'!D2="","",LN(1+'Raw Data'!D2))
A5: ='Raw Data'!A3 -> 2000-01-03 | B5: =IF('Raw Data'!D3="","",LN(1+'Raw Data'!D3)) -> -0.024784617
A6: ='Raw Data'!A4 -> 2000-01-04 | B6: =IF('Raw Data'!D4="","",LN(1+'Raw Data'!D4)) -> 0.014346594
A7: ='Raw Data'!A5 -> 2000-01-05 | B7: =IF('Raw Data'!D5="","",LN(1+'Raw Data'!D5)) -> -0.01438294
A8: ='Raw Data'!A6 -> 2000-01-06 | B8: =IF('Raw Data'!D6="","",LN(1+'Raw Data'!D6)) -> 0.011493694
A9: ='Raw Data'!A7 -> 2000-01-07 | B9: =IF('Raw Data'!D7="","",LN(1+'Raw Data'!D7)) -> 0.0011892925
A10: ='Raw Data'!A8 -> 2000-01-10 | B10: =IF('Raw Data'!D8="","",LN(1+'Raw Data'!D8)) -> -0.0064809561
A11: ='Raw Data'!A9 -> 2000-01-11 | B11: =IF('Raw Data'!D9="","",LN(1+'Raw Data'!D9)) -> -0.014900463
A12: ='Raw Data'!A10 -> 2000-01-12 | B12: =IF('Raw Data'!D10="","",LN(1+'Raw Data'!D10)) -> -0.008193475
A13: ='Raw Data'!A11 -> 2000-01-13 | B13: =IF('Raw Data'!D11="","",LN(1+'Raw Data'!D11)) -> 0.011157523
A14: ='Raw Data'!A12 -> 2000-01-14 | B14: =IF('Raw Data'!D12="","",LN(1+'Raw Data'!D12)) -> -0.0075081155
A15: ='Raw Data'!A13 -> 2000-01-17 | B15: =IF('Raw Data'!D13="","",LN(1+'Raw Data'!D13)) -> 0.001359076
... A22: ='Raw Data'!A20 -> 2000-01-26 | B22: =IF('Raw Data'!D20="","",LN(1+'Raw Data'!D20)) -> 0.010653054
A23: ='Raw Data'!A21 -> 2000-01-27 | B23: =IF('Raw Data'!D21="","",LN(1+'Raw Data'!D21)) -> 0.008801156 | C23: =STDEV(B4:B23) -> 0.010941826
A24: ='Raw Data'!A22 -> 2000-01-28 | B24: =IF('Raw Data'!D22="","",LN(1+'Raw Data'!D22)) -> 0.011325622 | C24: =STDEV(B5:B24) -> 0.010969249
A25: ='Raw Data'!A23 -> 2000-01-31 | B25: =IF('Raw Data'!D23="","",LN(1+'Raw Data'!D23)) -> -0.0066520761 | C25: =STDEV(B6:B25) -> 0.0094416548
A26: ='Raw Data'!A24 -> 2000-02-01 | B26: =IF('Raw Data'!D24="","",LN(1+'Raw Data'!D24)) -> 0.011493694 | C26: =STDEV(B7:B26) -> 0.0092501318
A27: ='Raw Data'!A25 -> 2000-02-02 | B27: =IF('Raw Data'!D25="","",LN(1+'Raw Data'!D25)) -> 0.023355133 | C27: =STDEV(B8:B27) -> 0.0097954952
A28: ='Raw Data'!A26 -> 2000-02-03 | B28: =IF('Raw Data'!D26="","",LN(1+'Raw Data'!D26)) -> 0.024848698 | C28: =STDEV(B9:B28) -> 0.010819898
A29: ='Raw Data'!A27 -> 2000-02-04 | B29: =IF('Raw Data'!D27="","",LN(1+'Raw Data'!D27)) -> -0.023217451 | C29: =STDEV(B10:B29) -> 0.012359062
A30: ='Raw Data'!A28 -> 2000-02-07 | B30: =IF('Raw Data'!D28="","",LN(1+'Raw Data'!D28)) -> -0.012143434 | C30: =STDEV(B11:B30) -> 0.012631745
A31: ='Raw Data'!A29 -> 2000-02-08 | B31: =IF('Raw Data'!D29="","",LN(1+'Raw Data'!D29)) -> 0.01869417 | C31: =STDEV(B12:B31) -> 0.012502002
A32: ='Raw Data'!A30 -> 2000-02-09 | B32: =IF('Raw Data'!D30="","",LN(1+'Raw Data'!D30)) -> -0.014210492 | C32: =STDEV(B13:B32) -> 0.012869235
A33: ='Raw Data'!A31 -> 2000-02-10 | B33: =IF('Raw Data'!D31="","",LN(1+'Raw Data'!D31)) -> -0.019743629 | C33: =STDEV(B14:B33) -> 0.013710993
A34: ='Raw Data'!A32 -> 2000-02-11 | B34: =IF('Raw Data'!D32="","",LN(1+'Raw Data'!D32)) -> 0.026836654 | C34: =STDEV(B15:B34) -> 0.014603823
... A6834: ='Raw Data'!A6832 -> 2026-03-13 | B6834: =IF('Raw Data'!D6832="","",LN(1+'Raw Data'!D6832)) -> -0.0040883459 | C6834: =STDEV(B6815:B6834) -> 0.0063669054
