Workbook

Sheet Raw Data
A1: Date | B1: HY_spread (raw) | C1: IG_spread (raw)
A2: 1999-12-31 | B2: 4.67 | C2: 1.11
A3: 2000-01-31 | B3: 4.82 | C3: 1.14
A4: 2000-02-29 | B4: 4.97 | C4: 1.13
A5: 2000-03-31 | B5: 5.79 | C5: 1.58
A6: 2000-04-28 | B6: 5.84 | C6: 1.73
A7: 2000-05-31 | B7: 6.07 | C7: 1.97
A8: 2000-06-30 | B8: 5.85 | C8: 1.78
A9: 2000-07-31 | B9: 5.92 | C9: 1.69
A10: 2000-08-15 | B10: 6.06 | C10: 1.64
A11: 2000-08-16 | B11: 6.04 | C11: 1.63
A12: 2000-08-17 | B12: 6.06 | C12: 1.62
A13: 2000-08-18 | B13: 6.09 | C13: 1.64
... A278: 2001-09-10 | B278: 7.15 | C278: 1.73
A279: 2001-09-14 | C279: 1.94
A280: 2001-09-17 | C280: 1.91
A281: 2001-09-18 | C281: 1.89
A282: 2001-09-19 | C282: 2.02
A283: 2001-09-20 | C283: 2
A284: 2001-09-21 | B284: 8.62 | C284: 2.07
A285: 2001-09-24 | B285: 8.6 | C285: 2.1
A286: 2001-09-25 | B286: 8.63 | C286: 2.1
A287: 2001-09-26 | B287: 8.72 | C287: 2.13
A288: 2001-09-27 | B288: 8.81 | C288: 2.19
A289: 2001-09-28 | B289: 8.99 | C289: 2.07
A290: 2001-10-01 | B290: 9 | C290: 2.07
A291: 2001-10-02 | B291: 9.02 | C291: 2.03
A292: 2001-10-03 | B292: 8.99 | C292: 2.03
A293: 2001-10-04 | B293: 9 | C293: 2.06
A294: 2001-10-05 | B294: 8.94 | C294: 2.08
A295: 2001-10-09 | B295: 8.87 | C295: 2.08
... A6431: 2026-03-12 | B6431: 2.98 | C6431: 1

Sheet Credit Features
A1: Credit Market Stress Features
B2: Raw HY spread (from Raw Data) | C2: Raw IG spread (from Raw Data) | D2: HY − IG: pure credit risk premium | E2: ΔHY_spread: 1-period change | F2: HY_t − HY_{t-20}: 20-period momentum
A3: Date | B3: HY_spread | C3: IG_spread | D3: HY_IG_spread | E3: HY_spread_change | F3: Credit_spread_momentum
A4: ='Raw Data'!A2 -> 1999-12-31 | B4: ='Raw Data'!B2 -> 4.67 | C4: ='Raw Data'!C2 -> 1.11 | D4: =B4-C4 -> 3.56
A5: ='Raw Data'!A3 -> 2000-01-31 | B5: ='Raw Data'!B3 -> 4.82 | C5: ='Raw Data'!C3 -> 1.14 | D5: =B5-C5 -> 3.68 | E5: =B5-B4 -> 0.15
A6: ='Raw Data'!A4 -> 2000-02-29 | B6: ='Raw Data'!B4 -> 4.97 | C6: ='Raw Data'!C4 -> 1.13 | D6: =B6-C6 -> 3.84 | E6: =B6-B5 -> 0.15
A7: ='Raw Data'!A5 -> 2000-03-31 | B7: ='Raw Data'!B5 -> 5.79 | C7: ='Raw Data'!C5 -> 1.58 | D7: =B7-C7 -> 4.21 | E7: =B7-B6 -> 0.82
A8: ='Raw Data'!A6 -> 2000-04-28 | B8: ='Raw Data'!B6 -> 5.84 | C8: ='Raw Data'!C6 -> 1.73 | D8: =B8-C8 -> 4.11 | E8: =B8-B7 -> 0.05
A9: ='Raw Data'!A7 -> 2000-05-31 | B9: ='Raw Data'!B7 -> 6.07 | C9: ='Raw Data'!C7 -> 1.97 | D9: =B9-C9 -> 4.1 | E9: =B9-B8 -> 0.23
A10: ='Raw Data'!A8 -> 2000-06-30 | B10: ='Raw Data'!B8 -> 5.85 | C10: ='Raw Data'!C8 -> 1.78 | D10: =B10-C10 -> 4.07 | E10: =B10-B9 -> -0.22
A11: ='Raw Data'!A9 -> 2000-07-31 | B11: ='Raw Data'!B9 -> 5.92 | C11: ='Raw Data'!C9 -> 1.69 | D11: =B11-C11 -> 4.23 | E11: =B11-B10 -> 0.07
A12: ='Raw Data'!A10 -> 2000-08-15 | B12: ='Raw Data'!B10 -> 6.06 | C12: ='Raw Data'!C10 -> 1.64 | D12: =B12-C12 -> 4.42 | E12: =B12-B11 -> 0.14
A13: ='Raw Data'!A11 -> 2000-08-16 | B13: ='Raw Data'!B11 -> 6.04 | C13: ='Raw Data'!C11 -> 1.63 | D13: =B13-C13 -> 4.41 | E13: =B13-B12 -> -0.02
A14: ='Raw Data'!A12 -> 2000-08-17 | B14: ='Raw Data'!B12 -> 6.06 | C14: ='Raw Data'!C12 -> 1.62 | D14: =B14-C14 -> 4.44 | E14: =B14-B13 -> 0.02
A15: ='Raw Data'!A13 -> 2000-08-18 | B15: ='Raw Data'!B13 -> 6.09 | C15: ='Raw Data'!C13 -> 1.64 | D15: =B15-C15 -> 4.45 | E15: =B15-B14 -> 0.03
A16: ='Raw Data'!A14 -> 2000-08-21 | B16: ='Raw Data'!B14 -> 6.09 | C16: ='Raw Data'!C14 -> 1.66 | D16: =B16-C16 -> 4.43 | E16: =B16-B15 -> 0
... A23: ='Raw Data'!A21 -> 2000-08-30 | B23: ='Raw Data'!B21 -> 6.02 | C23: ='Raw Data'!C21 -> 1.65 | D23: =B23-C23 -> 4.37 | E23: =B23-B22 -> -0.05
A24: ='Raw Data'!A22 -> 2000-08-31 | B24: ='Raw Data'!B22 -> 6.13 | C24: ='Raw Data'!C22 -> 1.65 | D24: =B24-C24 -> 4.48 | E24: =B24-B23 -> 0.11 | F24: =B24-B4 -> 1.46
A25: ='Raw Data'!A23 -> 2000-09-01 | B25: ='Raw Data'!B23 -> 6.15 | C25: ='Raw Data'!C23 -> 1.65 | D25: =B25-C25 -> 4.5 | E25: =B25-B24 -> 0.02 | F25: =B25-B5 -> 1.33
A26: ='Raw Data'!A24 -> 2000-09-05 | B26: ='Raw Data'!B24 -> 6.13 | C26: ='Raw Data'!C24 -> 1.64 | D26: =B26-C26 -> 4.49 | E26: =B26-B25 -> -0.02 | F26: =B26-B6 -> 1.16
A27: ='Raw Data'!A25 -> 2000-09-06 | B27: ='Raw Data'!B25 -> 6.08 | C27: ='Raw Data'!C25 -> 1.64 | D27: =B27-C27 -> 4.44 | E27: =B27-B26 -> -0.05 | F27: =B27-B7 -> 0.29
A28: ='Raw Data'!A26 -> 2000-09-07 | B28: ='Raw Data'!B26 -> 6.04 | C28: ='Raw Data'!C26 -> 1.65 | D28: =B28-C28 -> 4.39 | E28: =B28-B27 -> -0.04 | F28: =B28-B8 -> 0.2
A29: ='Raw Data'!A27 -> 2000-09-08 | B29: ='Raw Data'!B27 -> 6.05 | C29: ='Raw Data'!C27 -> 1.65 | D29: =B29-C29 -> 4.4 | E29: =B29-B28 -> 0.01 | F29: =B29-B9 -> -0.02
A30: ='Raw Data'!A28 -> 2000-09-11 | B30: ='Raw Data'!B28 -> 6.04 | C30: ='Raw Data'!C28 -> 1.67 | D30: =B30-C30 -> 4.37 | E30: =B30-B29 -> -0.01 | F30: =B30-B10 -> 0.19
A31: ='Raw Data'!A29 -> 2000-09-12 | B31: ='Raw Data'!B29 -> 6.02 | C31: ='Raw Data'!C29 -> 1.66 | D31: =B31-C31 -> 4.36 | E31: =B31-B30 -> -0.02 | F31: =B31-B11 -> 0.1
A32: ='Raw Data'!A30 -> 2000-09-13 | B32: ='Raw Data'!B30 -> 6.04 | C32: ='Raw Data'!C30 -> 1.67 | D32: =B32-C32 -> 4.37 | E32: =B32-B31 -> 0.02 | F32: =B32-B12 -> -0.02
A33: ='Raw Data'!A31 -> 2000-09-14 | B33: ='Raw Data'!B31 -> 6.01 | C33: ='Raw Data'!C31 -> 1.67 | D33: =B33-C33 -> 4.34 | E33: =B33-B32 -> -0.03 | F33: =B33-B13 -> -0.03
A34: ='Raw Data'!A32 -> 2000-09-15 | B34: ='Raw Data'!B32 -> 6 | C34: ='Raw Data'!C32 -> 1.69 | D34: =B34-C34 -> 4.31 | E34: =B34-B33 -> -0.01 | F34: =B34-B14 -> -0.06
A35: ='Raw Data'!A33 -> 2000-09-18 | B35: ='Raw Data'!B33 -> 6.05 | C35: ='Raw Data'!C33 -> 1.71 | D35: =B35-C35 -> 4.34 | E35: =B35-B34 -> 0.05 | F35: =B35-B15 -> -0.04
... A6433: ='Raw Data'!A6431 -> 2026-03-12 | B6433: ='Raw Data'!B6431 -> 2.98 | C6433: ='Raw Data'!C6431 -> 1 | D6433: =B6433-C6433 -> 1.98 | E6433: =B6433-B6432 -> 0.04 | F6433: =B6433-B6413 -> 0.23
